abs_rel,sq_rel,rmse,rmse_log,a1,a2,a3
0.08638649563154649,0.9436414998748125,7.3392677954017795,0.1180222062275706,0.9376980896212378,0.9889020391083749,0.9960213433793393
