abs_rel,sq_rel,rmse,rmse_log,a1,a2,a3
0.09138822033933741,1.0131793276351047,7.534480367511673,0.12398447149421364,0.9299975537047331,0.9880426570595334,0.9955155311769954
